id,chr_date,walked,missed_reason,route,start_hour,miles,steps,hours,mph,laps,mpl,pace,gain,kcal,pace.01,pace.02,pace.03,pace.04,pace.05,pace.06,pace.07,breaks,shuffles,phone,app,gps_failure,reason
1,20180817,1,,Parks Mall 3,,2.00,,0.40,5.00,2,,,,,,,,,,,,,,HTC One,Strava,,
2,20180818,1,,Parks Mall 3,,2.00,,0.40,5.00,2,,,,,,,,,,,,,,HTC One,Strava,,
3,20180809,1,,Parks Mall 3,,2.00,,0.42,4.80,2,,,,,,,,,,,,,,HTC One,Strava,,
4,20180909,0,Unknown,Missed walk,,,,,,,,,,,,,,,,,,,,HTC One,,,
5,20180910,1,,Vandergriff Park,,1.50,,0.46,3.27,1,,,,,,,,,,,,,,HTC One,Strava,,
6,20180911,1,,Bowman Springs Park,,1.60,,0.83,1.92,1,,,,,,,,,,,,,,HTC One,Strava,,
7,20180912,0,Unknown,Missed walk,,,,,,,,,,,,,,,,,,,,HTC One,,,
8,20180913,0,Unknown,Missed walk,,,,,,,,,,,,,,,,,,,,HTC One,,,
9,20180914,0,Unknown,Missed walk,,,,,,,,,,,,,,,,,,,,HTC One,,,
10,20180915,0,Unknown,Missed walk,,,,,,,,,,,,,,,,,,,,HTC One,,,
11,20180916,0,Unknown,Missed walk,,,,,,,,,,,,,,,,,,,,HTC One,,,
12,20180917,0,Unknown,Missed walk,,,,,,,,,,,,,,,,,,,,HTC One,,,
13,20180918,0,Unknown,Missed walk,,,,,,,,,,,,,,,,,,,,HTC One,,,
14,20180919,0,Unknown,Missed walk,,,,,,,,,,,,,,,,,,,,HTC One,,,
15,20180920,0,Unknown,Missed walk,,,,,,,,,,,,,,,,,,,,HTC One,,,
16,20180921,0,Unknown,Missed walk,,,,,,,,,,,,,,,,,,,,HTC One,,,
17,20180922,0,Unknown,Missed walk,,,,,,,,,,,,,,,,,,,,HTC One,,,
18,20180923,0,Unknown,Missed walk,,,,,,,,,,,,,,,,,,,,HTC One,,,
19,20180924,0,Unknown,Missed walk,,,,,,,,,,,,,,,,,,,,HTC One,,,
20,20180925,0,Unknown,Missed walk,,,,,,,,,,,,,,,,,,,,HTC One,,,
21,20180926,0,Unknown,Missed walk,,,,,,,,,,,,,,,,,,,,HTC One,,,
22,20180927,0,Unknown,Missed walk,,,,,,,,,,,,,,,,,,,,HTC One,,,
23,20180928,0,Unknown,Missed walk,,,,,,,,,,,,,,,,,,,,HTC One,,,
24,20180929,0,Unknown,Missed walk,,,,,,,,,,,,,,,,,,,,HTC One,,,
25,20180930,0,Unknown,Missed walk,,,,,,,,,,,,,,,,,,,,HTC One,,,
26,20181001,0,Unknown,Missed walk,,,,,,,,,,,,,,,,,,,,HTC One,,,
27,20181002,0,Unknown,Missed walk,,,,,,,,,,,,,,,,,,,,HTC One,,,
28,20181003,0,Unknown,Missed walk,,,,,,,,,,,,,,,,,,,,HTC One,,,
29,20181004,1,,Bowman Springs Park,,2.40,,0.76,3.15,1,,,,,,,,,,,,,,HTC One,Strava,,
30,20181005,1,,Vandergriff Park,,2.10,,0.57,3.68,1,,,,,,,,,,,,,,HTC One,Strava,,
31,20181006,0,Unknown,Missed walk,,,,,,,,,,,,,,,,,,,,HTC One,,,
32,20181007,1,,Shorewood Drive,,2.00,,0.62,3.24,1,,,,,,,,,,,,,,HTC One,Strava,,
33,20181008,1,,Shorewood Drive,,3.30,,1.03,3.22,1,,,,,,,,,,,,,,HTC One,Strava,,
34,20181009,0,Unknown,Missed walk,,,,,,,,,,,,,,,,,,,,HTC One,,,
35,20181010,0,Unknown,Missed walk,,,,,,,,,,,,,,,,,,,,HTC One,,,
36,20181011,1,,Vandergriff Park,,2.40,,0.72,3.34,1,,,,,,,,,,,,,,HTC One,Strava,,
37,20181012,1,,Parks Mall 3,,2.70,,0.51,5.27,2,,,,,,,,,,,,,,HTC One,Strava,,
38,20181013,1,,Shorewood Drive,,3.20,,0.99,3.24,1,,,,,,,,,,,,,,HTC One,Strava,,
39,20181014,1,,Parks Mall 3,,2.70,,1.07,2.53,2,,,,,,,,,,,,,,HTC One,Strava,,
40,20181015,1,,Parks Mall 3,,2.10,,0.97,2.17,2,,,,,,,,,,,,,,HTC One,Strava,,
41,20181016,1,,Stovall Park,,2.70,,0.85,3.18,2,,,,,,,,,,,,,,HTC One,Strava,,
42,20181017,1,,Parks Mall 3,,1.00,,0.48,2.07,2,,,,,,,,,,,,,,HTC One,Strava,,
43,20181018,0,Unknown,Missed walk,,,,,,,,,,,,,,,,,,,,HTC One,,,
44,20181019,0,Unknown,Missed walk,,,,,,,,,,,,,,,,,,,,HTC One,,,
45,20181020,1,,Parks Mall 3,,2.80,,1.10,2.55,2,,,,,,,,,,,,,,HTC One,Strava,,
46,20181021,1,,Parks Mall 3,,2.10,,0.53,3.96,2,,,,,,,,,,,,,,HTC One,Strava,,
47,20181022,1,,Perkins Road,,3.80,,1.18,3.21,1,,,,,,,,,,,,,,HTC One,Strava,,
48,20181023,0,Unknown,Missed walk,,,,,,,,,,,,,,,,,,,,HTC One,,,
49,20181024,0,Unknown,Missed walk,,,,,,,,,,,,,,,,,,,,HTC One,,,
50,20181025,1,,Parks Mall 3,,2.20,,0.46,4.81,2,,,,,,,,,,,,,,HTC One,Strava,,
51,20181026,1,,Parks Mall 3,,2.30,,0.41,5.61,2,,,,,,,,,,,,,,HTC One,Strava,,
52,20181027,1,,Parks Mall 3,,0.80,,0.38,2.10,1,,,,,,,,,,,,,,HTC One,Strava,,
53,20181028,1,,Enchanted Lakes,,2.40,,0.71,3.37,1,,,,,,,,,,,,,,HTC One,Strava,,
54,20181029,1,,Perkins Road,,3.80,,1.17,3.26,1,,,,,,,,,,,,,,HTC One,Strava,,
55,20181030,1,,Enchanted Lakes,,2.40,,0.72,3.31,1,,,,,,,,,,,,,,HTC One,Strava,,
56,20181031,0,Unknown,Missed walk,,,,,,,,,,,,,,,,,,,,HTC One,,,
57,20181101,1,,Little Road,,4.20,,1.05,4.00,1,,,,,,,,,,,,,,HTC One,Strava,,
58,20181102,0,Unknown,Missed walk,,,,,,,,,,,,,,,,,,,,HTC One,,,
59,20181103,0,Unknown,Missed walk,,,,,,,,,,,,,,,,,,,,HTC One,,,
60,20181104,1,,Parks Mall 3,,2.70,,0.81,3.35,2,,,,,,,,,,,,,,HTC One,Strava,,
61,20181105,1,,Stovall Park,,2.40,,0.71,3.40,2,,,,,,,,,,,,,,HTC One,Strava,,
62,20181106,1,,Perkins Road,,3.70,,0.99,3.73,1,,,,,,,,,,,,,,HTC One,Strava,,
63,20181107,0,Unknown,Missed walk,,,,,,,,,,,,,,,,,,,,HTC One,,,
64,20181108,1,,Little Road,,4.40,,1.38,3.18,1,,,,,,,,,,,,,,HTC One,Strava,,
65,20181109,1,,Vandergriff Park,,2.60,,0.81,3.22,1,,,,,,,,,,,,,,HTC One,Strava,,
66,20181110,1,,Veterans Park,,3.20,,0.86,3.71,1,,,,,,,,,,,,,,HTC One,Strava,,
67,20181111,1,,Perkins Road,,3.80,,1.13,3.35,1,,,,,,,,,,,,,,HTC One,Strava,,
68,20181112,1,,Veterans Park,,3.90,,1.15,3.39,2,,,,,,,,,,,,,,HTC One,Strava,,
69,20181113,1,,Perkins Road,,3.80,,1.23,3.08,1,,,,,,,,,,,,,,HTC One,Strava,,
70,20181114,1,,Bowman Springs Park,,1.60,,2.70,0.59,2,0.80,,,,,,,,,,,,,HTC One,Strava,,
71,20181115,1,,Enchanted Lakes,,3.70,,1.00,3.70,1,3.70,,,,,,,,,,,,,HTC One,Strava,,
72,20181116,1,,Parks Mall 3,,3.00,,1.20,2.50,3,1.00,,,,,,,,,,,,,HTC One,Strava,,
73,20181117,1,,Parks Mall 3,,2.30,,0.80,2.88,3,0.77,,,,,,,,,,,,,HTC One,Strava,,
74,20181118,1,,Veterans Park,,3.30,,1.02,3.25,1,3.30,,,,,,,,,,,,,HTC One,Strava,,
75,20181119,1,,Enchanted Lakes,,2.80,,0.72,3.89,1,2.80,,,,,,,,,,,,,HTC One,Strava,,
76,20181120,1,,Stovall Park,,2.60,,0.73,3.58,2,1.30,,,,,,,,,,,,,HTC One,Strava,,
77,20181121,1,,Perkins Road,,3.70,,0.96,3.84,1,3.70,,,,,,,,,,,,,HTC One,Strava,,
78,20181122,0,Unknown,Missed walk,,,,,,,,,,,,,,,,,,,,,,,
79,20181123,1,,Parks Mall 3,,3.20,,1.04,3.08,3,1.07,,,,,,,,,,,,,HTC One,Strava,,
80,20181124,1,,Enchanted Lakes,,2.80,,0.84,3.34,1,2.80,,,,,,,,,,,,,HTC One,Strava,,
81,20181125,1,,Veterans Park,,3.30,,0.99,3.33,1,3.30,,,,,,,,,,,,,HTC One,Strava,,
82,20181126,1,,Enchanted Lakes,,2.80,,0.86,3.26,1,2.80,,,,,,,,,,,,,HTC One,Strava,,
83,20181127,1,,Stovall Park,,2.10,,0.51,4.15,2,1.05,,,,,,,,,,,,,HTC One,Strava,,
84,20181128,1,,Veterans Park,,4.10,,1.03,3.98,1,4.10,,,,,,,,,,,,,HTC One,Strava,,
85,20181129,1,,Stovall Park,,3.30,,0.82,4.03,3,1.10,,,,,,,,,,,,,HTC One,Strava,,
86,20181130,1,,Parks Mall 3,,2.40,,0.82,2.93,3,0.80,,,,,,,,,,,,,HTC One,Strava,,
87,20181201,1,,Veterans Park,,4.00,,1.18,3.39,2,2.00,,,,,,,,,,,,,HTC One,Strava,,
88,20181202,1,,Vandergriff Park,,3.20,,0.96,3.35,1,3.20,,,,,,,,,,,,,HTC One,Strava,,
89,20181203,1,,Little Road,,4.45,,1.32,3.38,1,,,,,,,,,,,,,,HTC One,Strava,,
90,20181204,1,,Stovall Park,,2.20,,0.56,3.96,2,1.10,,,,,,,,,,,,,HTC One,Strava,,
91,20181205,1,,Vandergriff Park,,5.50,,2.42,2.28,2,2.75,,,,,,,,,,,,,HTC One,Strava,,
92,20181206,1,,Perkins Road,,4.00,,1.22,3.28,1,4.00,,,,,,,,,,,,,HTC One,Strava,,
93,20181207,1,,Parks Mall 3,,3.20,,1.04,3.06,3,1.07,,,,,,,,,,,,,HTC One,Strava,,
94,20181208,1,,Perkins Road,,3.80,,1.28,2.96,1,3.80,,,,,,,,,,,,,HTC One,Strava,,
95,20181209,1,,Parks Mall 3,,3.10,,1.08,2.86,3,1.03,,,,,,,,,,,,,HTC One,Strava,,
96,20181210,1,,Parks Mall 3,,2.13,,1.25,1.71,2,1.07,,,,,,,,,,,,,HTC One,Strava,,
97,20181211,1,,Parks Mall 3,,3.20,,1.00,3.21,3,1.07,,,,,,,,,,,,,HTC One,Strava,,
98,20181212,1,,Parks Mall 3,,3.50,,1.17,2.98,3,1.17,,,,,,,,,,,,,HTC One,Strava,,
99,20181213,1,,Parks Mall 3,,3.10,,0.82,3.78,3,1.03,,,,,,,,,,,,,HTC One,Strava,,
100,20181214,1,,Stovall Park,,3.30,,1.00,3.30,3,1.10,,,,,,,,,,,,,HTC One,Strava,,
101,20181214,1,,Vandergriff Park,,2.75,,0.81,3.40,1,2.75,,,,,,,,,,,,,HTC One,Strava,,
102,20181216,1,,Parks Mall 3,,3.60,,1.06,3.40,2,1.80,,,,,,,,,,,,,HTC One,Strava,,
103,20181217,1,,Parks Mall 3,,3.90,,1.30,3.00,2,1.95,,,,,,,,,,,,,HTC One,Strava,,
104,20181218,1,,Enchanted Lakes,,3.90,,1.08,3.60,1,3.90,,,,,,,,,,,,,HTC One,Strava,,
105,20181219,1,,Perkins Road,,4.00,,1.27,3.16,1,4.00,,,,,,,,,,,,,HTC One,Strava,,
106,20181220,1,,Parks Mall 3,,3.80,,1.22,3.12,2,1.90,,,,,,,,,,,,,HTC One,Strava,,
107,20181221,1,,Vandergriff Park,,2.20,,0.75,2.93,1,2.20,,,,,,,,,,,,,HTC One,Strava,,
108,20181222,1,,Vandergriff Park,,2.40,,0.80,3.00,1,2.40,,,,,,,,,,,,,HTC One,Strava,,
109,20181223,1,,Perkins Road,,3.80,,1.23,3.10,1,3.80,,,,,,,,,,,,,HTC One,Strava,,
110,20181224',0,Holiday,Missed walk,,,,,,,,,,,,,,,,,,,,HTC One,,,
111,20181225,0,Holiday,Missed walk,,,,,,,,,,,,,,,,,,,,HTC One,,,
112,20181226,0,Holiday,Missed walk,,,,,,,,,,,,,,,,,,,,,,,
113,20181227,1,,Parks Mall 3,,3.60,,1.42,2.54,2,1.80,16.47,,,,,,,,,,,,HTC One,Strava,,
114,20181228,1,,Parks Mall 3,,3.60,,1.22,2.96,2,1.80,13.12,,,,,,,,,,,,HTC One,Strava,,
115,20181229,1,,Parks Mall 3,,3.50,,1.22,2.88,2,1.75,13.17,,,,,,,,,,,,HTC One,Strava,,
116,20181230,1,,Little Road,,4.50,,1.25,3.60,1,4.50,17.37,,,,,,,,,,,,HTC One,Strava,,
117,20181231,1,,Parks Mall 3,,3.95,9637,1.52,2.60,2,1.98,23.10,,393,,,,,,,,,,HTC One,MapMyWalk,0,
118,20190101,1,,Parks Mall 3,,3.49,8790,1.42,2.46,2,1.75,22.38,,355,,,,,,,,,,HTC One,MapMyWalk,0,
119,20190102,1,,Parks Mall 3,,3.60,8087,1.82,1.98,2,1.80,30.28,,343,,,,,,,,,,HTC One,MapMyWalk,0,
120,20190103,1,,Little Road,,4.45,8938,1.28,3.47,1,4.45,17.32,,409,,,,,,,,,,HTC One,MapMyWalk,0,
121,20190104,1,,Veterans Park,,4.08,8495,1.18,3.45,2,2.04,17.50,,375,,,,,,,,,,HTC One,MapMyWalk,0,
122,20190105,1,,Perkins Road,,3.80,7757,1.15,3.30,1,3.80,18.00,,350,,,,,,,,,,HTC One,MapMyWalk,0,
123,20190106,1,,Veterans Park,,4.08,8418,1.30,3.14,2,2.04,19.12,,360,,,,,,,,,,HTC One,MapMyWalk,0,
124,20190107,1,,Vandergriff Park,,4.96,10316,1.42,3.49,2,2.48,17.20,,457,,,,,,,,,,HTC One,MapMyWalk,0,
125,20190108,1,,Stovall Park,,2.20,6288,0.60,3.67,2,1.10,16.36,,236,,,,,,,,,,HTC One,MapMyWalk,0,
126,20190109,1,,Parks Mall 3,,3.75,9202,1.47,2.56,2,1.88,23.35,,375,,,,,,,,,,HTC One,MapMyWalk,0,
127,20190110,1,,Parks Mall 3,,4.91,11320,1.72,2.86,2,2.46,21.13,,466,,,,,,,,,,HTC One,MapMyWalk,0,
128,20190111,1,,Parks Mall 3,,4.58,9174,1.32,3.48,2,2.29,17.23,,420,,,,,,,,,,HTC One,MapMyWalk,0,
129,20190112,1,,Parks Mall 3,,3.67,8215,1.22,3.02,2,1.84,19.18,,341,,,,,,,,,,HTC One,MapMyWalk,0,
130,20190113,1,,Parks Mall 3,,3.47,8103,1.25,2.78,2,1.74,21.47,,333,,,,,,,,,,HTC One,MapMyWalk,0,
131,20190114,1,,Parks Mall 3,,4.16,8240,1.25,3.33,2,2.08,18.48,,383,,,,,,,,,,HTC One,MapMyWalk,0,
132,20190115,1,,Parks Mall 3,,3.11,7812,1.25,2.49,2,1.56,24.25,,316,,,,,,,,,,HTC One,MapMyWalk,1,
133,20190116,1,,Parks Mall 3,,4.33,9020,1.30,3.33,2,2.17,18.03,,399,,,,,,,,,,HTC One,MapMyWalk,0,
134,20190117,0,Unknown,Missed walk,,,,,,,,,,,,,,,,,,,,,,,
135,20190118,0,Unknown,Missed walk,,,,,,,,,,,,,,,,,,,,,,,
136,20190119,0,Unknown,Missed walk,,,,,,,,,,,,,,,,,,,,,,,
137,20190120,0,Unknown,Missed walk,,,,,,,,,,,,,,,,,,,,,,,
138,20190121,1,,Parks Mall 3,,3.89,8460,1.23,3.15,2,3.89,17.78,,360,20.20,18.57,17.78,19.30,,,,,,HTC One,MapMyWalk,0,
139,20190122,1,,Parks Mall 3,,3.72,8646,1.32,2.83,2,1.86,21.30,,356,20.42,18.72,24.30,22.07,,,,,,HTC One,MapMyWalk,0,
140,20190123,1,,Parks Mall 3,,2.40,5277,0.83,2.88,2,1.20,20.83,,226,20.45,18.72,24.30,22.07,,,,,,HTC One,MapMyWalk,1,
141,20190124,1,,Little Road,,4.48,8938,1.23,3.63,1,4.48,16.54,,314,18.55,22.95,17.67,,,,,,,HTC One,MapMyWalk,0,
142,20190125,1,,Parks Mall 3,,2.38,6596,1.12,2.13,3,0.79,28.27,,249,23.10,21.42,20.13,,,,,,,HTC One,MapMyWalk,1,
143,20190126,1,,Veterans Park,,4.26,8764,1.22,3.50,2,2.13,17.07,,393,17.18,16.50,17.17,17.27,17.63,,,,,HTC One,MapMyWalk,0,
144,20190127,1,,Perkins Road,,3.91,7952,1.08,3.61,1,3.91,16.77,,368,16.62,17.03,16.42,17.00,,,,,,HTC One,MapMyWalk,0,
145,20190128,1,,Vandergriff Park,,4.80,9832,1.18,4.06,2,2.40,19.23,,446,16.50,17.00,17.23,16.93,17.08,,,,,HTC One,MapMyWalk,0,
146,20190129,0,Unknown,Missed walk,,,,,,,,,,,,,,,,,,,,,,,
147,20190130,1,,Parks Mall 3,,3.08,7194,0.94,3.28,5,0.62,21.63,,296,21.75,18.55,22.53,23.10,,,,,,HTC One,MapMyWalk,1,
148,20190131,1,,Parks Mall 3,,3.61,10280,1.35,2.67,6,0.60,22.47,,354,23.55,22.68,22.23,20.55,,,,,,HTC One,MapMyWalk,0,
149,20190201,1,,Parks Mall 3,,2.86,7316,1.18,2.42,5,0.57,24.95,,292,19.28,21.47,34.23,,,,,,,HTC One,MapMyWalk,0,
150,20190202,1,,Perkins Road,,3.78,7431,1.08,3.49,1,3.78,17.10,,347,18.57,16.78,16.45,16.43,,,,,,HTC One,MapMyWalk,0,
151,20190203,1,,Enchanted Lakes,,3.81,7497,1.07,3.57,1,3.81,16.27,,361,16.82,16.27,17.12,16.55,,,,,,HTC One,MapMyWalk,0,
152,20190204,1,,Little Road,,4.49,9381,1.32,3.41,1,4.49,17.18,,413,17.18,17.98,17.52,17.72,17.30,,,,,HTC One,MapMyWalk,0,
153,20190205,1,,Perkins Road,,3.94,7990,1.13,3.48,1,3.94,17.27,,362,17.22,17.13,17.47,17.18,,,,,,HTC One,MapMyWalk,0,
154,20190206,1,,Parks Mall 3,,3.57,9168,1.20,2.98,6,0.60,25.15,,365,23.80,20.52,22.12,22.55,,,,,,HTC One,MapMyWalk,0,
155,20190207,1,,Parks Mall 3,,3.57,8575,1.35,2.64,6,0.60,22.58,,351,23.93,24.77,21.62,20.20,,,,,,HTC One,MapMyWalk,0,
156,20190208,1,,Parks Mall 3,,4.00,9849,1.57,2.55,3,1.33,23.45,,401,22.15,22.15,24.50,23.88,,,,,,HTC One,MapMyWalk,0,
157,20190209,0,Unknown,Missed walk,,,,,,,,,,,,,,,,,,,,HTC One,,,
158,20190210,0,Unknown,Missed walk,,,,,,,,,,,,,,,,,,,,,,,
159,20190211,1,,Parks Mall 3,,4.33,10099,1.57,2.76,6,0.72,20.60,,416,20.23,22.08,20.23,20.82,,,,,,HTC One,MapMyWalk,0,
160,20190212,1,,Enchanted Lakes,,3.82,7719,1.05,3.64,1,3.82,16.53,,366,16.30,16.40,16.98,16.33,,,,,,HTC One,MapMyWalk,0,
161,20190213,1,,Perkins Road,,3.87,7636,1.10,3.52,1,3.87,17.17,,355,17.02,17.50,17.18,16.90,,,,,,HTC One,MapMyWalk,0,
162,20190214,1,,Vandergriff Park,,4.98,9860,1.38,3.60,2,2.49,16.78,,469,16.75,16.58,30.00,16.47,16.65,,,,,HTC One,MapMyWalk,0,
163,20190215,1,,Veterans Park,,4.08,8603,1.26,3.24,2,2.04,18.52,,371,,,,,,,,,,HTC One,MapMyWalk,1,
164,20190216,1,,Parks Mall 3,,4.53,11173,1.78,2.54,3,1.51,23.57,,455,25.90,25.70,20.17,20.47,,,,,,HTC One,MapMyWalk,0,
165,20190217,1,,Parks Mall 3,,3.60,9337,1.53,2.35,5,0.72,25.57,,369,28.48,24.67,24.25,24.75,,,,,,HTC One,MapMyWalk,0,
166,20190218,1,,Parks Mall 3,,4.23,10237,1.60,2.64,3,1.41,22.78,,418,22.37,21.93,24.68,23.53,,,,,,HTC One,MapMyWalk,0,
167,20190219,1,,Parks Mall 3,,3.15,7634,1.20,2.63,3,1.05,22.88,,312,21.77,21.78,25.40,23.13,,,,,,HTC One,MapMyWalk,0,
168,20190220,1,,Stovall Park,,4.43,8771,1.17,3.80,4,1.11,15.87,,444,15.95,16.28,15.92,15.32,15.63,,,,,HTC One,MapMyWalk,0,
169,20190221,1,,Parks Mall 3,,4.72,11186,1.73,2.72,3,1.57,21.98,,459,22.85,22.23,17.52,24.17,24.40,,,,,HTC One,MapMyWalk,0,
170,20190222,1,,Parks Mall 3,,4.33,9394,1.37,3.17,5,0.87,18.88,,400,17.93,18.28,17.52,21.87,19.02,,,,,HTC One,MapMyWalk,0,
171,20190223,1,,Perkins Road,,3.85,8045,1.15,3.35,1,3.85,17.97,,355,16.95,17.37,17.38,20.53,,,,,,HTC One,MapMyWalk,0,
172,20190224,0,Unknown,Missed walk,,,,,,,,,,,,,,,,,,,,,,,
173,20190225,1,,Enchanted Lakes,,3.74,7567,1.02,3.68,1,3.74,16.53,,358,17.58,15.95,16.20,16.15,,,,,,HTC One,MapMyWalk,0,
174,20190226,1,,Little Road,,4.47,9316,1.47,3.05,1,4.47,18.45,,412,16.58,17.80,18.77,19.88,19.68,,,,3,HTC One,MapMyWalk,0,
175,20190227,0,Unknown,Missed walk,,,,,,,,,,,,,,,,,,,,,,,
176,20190228,1,,Parks Mall 3,,3.75,8391,1.38,2.71,2,1.88,22.22,,366,22.60,24.12,19.42,23.07,,,,,0,HTC One,MapMyWalk,0,
177,20190301,1,,Parks Mall 3,,4.47,12217,1.78,2.51,5,0.89,24.02,,453,20.43,23.27,25.12,28.73,21.60,,,,1,HTC One,MapMyWalk,0,
178,20190302,0,Unknown,Missed walk,,,,,,,,,,,,,,,,,,,,,,,
179,20190303,1,,Parks Mall 3,,3.57,8484,1.32,2.71,2,1.79,22.08,,348,20.18,20.20,24.85,21.67,,,,,2,HTC One,MapMyWalk,0,
180,20190304,1,,Parks Mall 3,,5.39,12480,1.90,2.84,3,1.80,21.18,,514,20.85,19.65,19.28,20.47,18.30,,,,2,HTC One,MapMyWalk,0,
181,20190305,1,,Parks Mall 3,,3.71,8640,1.13,3.29,2,1.86,21.40,,356,21.42,20.25,21.67,21.95,,,,,1,HTC One,MapMyWalk,0,
182,20190306,1,,Parks Mall 3,,3.98,9277,1.35,2.94,4,1.00,21.07,,382,20.88,21.70,20.58,21.10,,,,,0,HTC One,MapMyWalk,0,
183,20190307,1,,Stovall Park,,3.17,6999,0.97,3.28,3,1.06,,,336,38.53,16.73,,,,,,,3,HTC One,MapMyWalk,1,Skipped
184,20190308,1,,Stovall Park,,4.23,9332,1.37,3.09,4,1.06,19.97,,362,32.27,16.93,22.00,21.80,,,,,0,HTC One,MapMyWalk,0,Lost
185,20190309,1,,Perkins Road,,3.66,8230,1.17,3.14,1,3.66,19.18,,339,17.92,17.90,21.95,26.24,,,,,1,HTC One,MapMyWalk,0,
186,20190310,1,,Parks Mall 3,,0.95,2273,0.35,2.68,1,0.95,21.22,,93,23.46,,,,,,,,0,HTC One,MapMyWalk,0,
187,20190310,1,,Vandergriff Park,,2.25,4793,0.70,3.21,1,2.25,19.32,,208,19.20,17.48,66.87,,,,,,0,HTC One,MapMyWalk,1,Lost power
188,20190311,1,,Parks Mall 3,,3.71,8640,1.37,2.71,2,1.86,22.10,,345,,,,,,,,,0,HTC One,MapMyWalk,0,
189,20190312,1,,Parks Mall 3,,3.85,8948,1.28,3.00,2,1.93,19.97,,357,19.32,19.53,21.22,23.96,,,,,3,HTC One,MapMyWalk,0,
190,20190313,1,,Enchanted Lakes,,3.89,8091,1.28,3.03,1,3.89,16.82,,356,16.82,17.23,17.53,19.81,,,,,1,HTC One,MapMyWalk,0,
191,20190314,1,,Stovall Park,,4.43,8957,1.17,3.80,4,1.11,15.70,,447,15.45,15.82,16.18,15.70,14.95,,,,2,HTC One,MapMyWalk,0,
192,20190315,1,,Enchanted Lakes,,4.05,8086,1.08,3.74,1,4.05,16.07,,399,15.85,16.40,16.35,15.72,14.50,,,,0,HTC One,MapMyWalk,0,
193,20190316,1,,Perkins Road,,3.84,8065,1.08,3.54,1,3.84,16.85,,360,17.15,16.95,16.48,16.92,,,,,1,HTC One,MapMyWalk,0,
194,20190317,0,Unknown,Missed walk,,,,,,,,,,,,,,,,,,,,,,,
195,20190318,1,,Veterans Park,,3.94,8262,1.17,3.38,2,1.97,17.72,,363,18.22,17.18,18.78,16.58,,,,,0,HTC One,MapMyWalk,0,
196,20190319,1,, River Legacy Park,,5.04,10096,1.47,3.44,2,2.52,16.23,,493,15.95,16.30,16.07,16.13,16.07,17.93,,,0,HTC One,MapMyWalk,0,
197,20190320,1,,Viridian,,2.79,5658,0.77,3.64,2,1.40,16.67,,265,16.68,16.47,17.27,,,,,,1,HTC One,MapMyWalk,0,
198,20190321,1,,Little Road,,4.58,9393,1.25,3.66,1,4.58,16.37,,443,16.02,16.62,16.37,16.10,16.42,,,,1,HTC One,MapMyWalk,0,
199,20190322,1,,Enchanted Lakes,,4.11,8352,1.15,3.57,1,4.11,16.67,,390,16.63,16.42,16.60,16.60,17.22,,,,0,HTC One,MapMyWalk,0,
200,20190323,1,,Corey Triangle,,3.13,,0.87,3.61,1,3.13,16.64,,,,,,,,,,,1,HTC One,MapMyWalk,1,Dropped recording
201,20190324,0,Unknown,Missed walk,,,,,,,,,,,,,,,,,,,,,,,
202,20190325,1,,Viridian,,4.60,9641,1.28,3.58,1,4.60,16.25,,432,16.27,16.43,17.02,17.18,16.93,,,,0,HTC One,MapMyWalk,0,
203,20190326,1,,Perkins Road,,3.97,8639,1.28,3.09,1,3.97,17.95,,366,16.45,21.15,16.93,16.97,,,,,1,HTC One,MapMyWalk,0,
204,20190327,1,,Veterans Park,,4.04,,1.30,3.11,1,4.04,,,,,,,,,,,,0,HTC One,MapMyWalk,1,Kept closing
205,20190328,1,,Perkins Road,,4.10,,1.13,3.62,1,4.10,24.28,,,,16.93,17.17,,,,,,1,HTC One,MapMyWalk,1,Mid walk straight line
206,20190329,1,,Corey Triangle,,2.93,6013,1.00,2.93,1,2.93,17.08,,268,30.23,16.98,17.17,,,,,,1,HTC One,MapMyWalk,0,
207,20190330,1,,Parks Mall 3,,4.05,9487,1.37,2.96,4,1.01,21.63,,390,19.95,21.33,21.52,23.95,,,,,0,HTC One,MapMyWalk,0,
208,20190331,1,,Veterans Park,,4.35,8877,1.22,3.58,2,2.18,16.82,,409,16.72,16.60,17.82,16.52,16.75,,,,0,HTC One,MapMyWalk,0,
209,20190401,1,,Corey Triangle,,3.51,7458,1.03,3.40,1,3.51,17.62,,322,18.60,17.00,17.50,17.95,,,,,1,HTC One,,0,
210,20190402,1,,River Legacy Park  ,,5.18,10589,1.50,3.45,1,5.18,17.43,,475,16.67,21.23,16.98,15.37,16.05,,,,1,HTC One,MapMyWalk,0,
211,20190403,1,,Fish Creek Linear Park,,4.70,9438,1.12,4.21,1,4.70,16.33,,456,16.25,16.63,16.13,16.03,16.37,,,,1,HTC One,MapMyWalk,0,
212,20190404,1,,Cravens Park,,3.00,6222,0.83,3.60,2,1.50,16.97,,235,16.57,17.57,16.72,,,,,,0,HTC One,MapMyWalk,0,
213,20190405,1,,Viridian,,6.83,13546,1.88,3.63,1,6.83,16.88,,523,17.12,16.77,16.58,16.80,16.48,16.65,17.83,,0,HTC One,MapMyWalk,0,
214,20190406,1,,Parks Mall 3,,4.59,10690,1.52,3.03,2,2.30,19.75,,360,20.95,19.85,20.02,19.08,17.97,,,,1,HTC One,MapMyWalk,0,
215,20190407,0,Unknown,Missed walk,,,,,,,,,,,,,,,,,,,,,,,
216,20190408,1,,Enchanted Lakes,,4.42,9406,1.33,3.32,1,4.42,18.18,,345,16.33,17.68,17.52,17.90,17.55,,,,2,HTC One,MapMyWalk,0,
217,20190409,1,,Cravens Park,,2.30,4660,0.65,3.54,1,2.30,16.47,,203,15.43,17.45,17.58,0.00,,,,,1,HTC One,MapMyWalk,0,
218,20190409,1,,Crystal Canyon,,2.16,4687,0.68,3.16,5,0.43,18.93,,183,19.23,18.80,17.17,,,,,,1,HTC One,MapMyWalk,0,
219,20190409,1,,Brown Trail,,1.85,4067,0.58,3.17,1,1.85,18.72,,158,18.10,18.93,,,,,,,0,HTC One,MapMyWalk,0,
220,20190410,1,,Village Creek,,5.50,,1.57,3.51,1,5.50,17.09,,373,,,,,,,,,0,HTC One,MapMyWalk,1,Battery died
221,20190411,1,,Brown Trail,,4.15,8555,1.20,3.46,1,4.15,17.25,,363,17.42,17.18,17.22,17.10,15.85,,,,0,HTC One,MapMyWalk,0,
222,20190412,1,,River Legacy Park  ,,5.37,10851,1.48,3.62,1,5.37,16.55,,473,16.18,17.02,16.98,16.67,16.08,16.07,,,0,HTC One,MapMyWalk,0,
223,20190413,0,Unknown,Missed Walk,,,,,,,,,,,,,,,,,,,,,,,
224,20190414,1,,Perkins Road,,4.60,9233,1.32,3.49,1,4.60,17.35,,402,16.90,17.70,17.72,17.27,16.65,,,,2,HTC One,MapMyWalk,0,
225,20190415,1,,Susie's Walk,,2.00,5601,0.60,3.36,1,2.00,17.18,,183,17.18,18.90,,,,,,,1,HTC One,MapMyWalk,0,
226,20190416,1,,Enchanted Lakes,,4.90,9848,1.38,3.54,1,4.90,16.90,,431,16.45,18.35,16.87,16.45,16.22,,,,0,HTC One,MapMyWalk,0,
227,20190417,1,,Cravens Park,,4.02,8830,1.32,3.05,3,1.34,19.50,,338,19.32,18.47,19.80,21.60,,,,,0,HTC One,MapMyWalk,0,
228,20190418,1,,Viridian,,5.19,10646,1.50,3.46,1,5.19,17.25,,455,16.78,17.03,17.27,17.72,17.28,17.48,,,0,HTC One,MapMyWalk,0,
229,20190419,1,,Little Road,,5.23,10771,1.50,3.49,1,5.23,17.08,,459,17.10,17.22,18.12,16.78,16.77,15.58,,,2,HTC One,MapMyWalk,0,
230,20190420,1,,Little Road,,5.01,10458,1.55,3.23,1,5.01,18.55,,429,17.93,18.40,20.45,18.40,17.52,,,,1,HTC One,MapMyWalk,0,
231,20190421,1,,Brown Trail,,4.48,8940,1.35,3.32,1,4.48,18.07,,387,18.18,17.58,19.48,16.72,18.70,,,,1,HTC One,MapMyWalk,0,
232,20190422,1,,Corey Triangle,,4.51,8562,1.23,3.66,1,4.51,16.38,,399,16.43,16.18,16.40,16.63,15.93,,,,1,HTC One,MapMyWalk,0,
233,20190423,1,,Parks Mall 3,,4.11,10386,1.48,2.77,3,1.37,21.70,,347,20.68,22.12,21.13,19.92,,,,,0,HTC One,MapMyWalk,1,Straight line
234,20190424,1,,Perkins Road,,4.80,10014,1.40,3.43,1,4.80,17.53,,419,18.03,17.55,17.47,17.60,16.75,,,,1,HTC One,MapMyWalk,0,
235,20190425,0,Unknown,Lost walk,,,,,,,,,,,,,,,,,,,,,,,
236,20190426,1,,Little Road,,5.04,10523,1.28,3.93,1,5.04,17.23,,442,17.35,16.92,17.93,17.33,16.55,,,,0,HTC One,MapMyWalk,0,
237,20190427,1,,Fish Creek Linear Park,,6.16,12288,1.67,3.70,1,6.16,16.27,100,544,16.72,16.60,15.55,15.55,15.92,16.70,,,1,HTC One,MapMyWalk,0,
238,20190428,0,Unknown,Missed walk,,,,,,,,,,,,,,,,,,,,,,,
239,20190429,1,,Veterans Park,,4.48,9384,1.32,3.40,2,2.24,17.68,127,390,17.57,17.62,18.77,17.33,16.57,,,,1,HTC One,MapMyWalk,0,
240,20190430,1,,Cravens Park,,4.46,9168,1.27,3.52,2,2.23,17.13,64,390,16.60,17.05,16.22,,,,,,0,HTC One,MapMyWalk,0,
241,20190501,1,,Brown Trail,,5.03,11058,1.68,2.99,1,5.03,,207,436,,,,,,,,,0,HTC One,MapMyWalk,1,Failed to map during walk
242,20190502,1,,Fish Creek Linear Park,,4.51,9476,1.32,3.43,1,4.51,17.50,69,390,16.37,17.75,18.02,17.68,17.68,,,,0,HTC One,MapMyWalk,0,
243,20190503,1,,Perkins Road,,4.46,8940,1.32,3.39,1,4.46,17.17,176,392,17.07,17.73,16.57,17.08,17.58,,,,0,HTC One,MapMyWalk,1,Failed to map during walk
244,20190504,1,,Cravens Park,,4.57,9491,1.33,3.43,2,2.29,17.40,64,399,16.92,17.53,17.62,17.50,17.37,,,,0,HTC One,MapMyWalk,0,
245,20190505,1,,Perkins Road,,4.01,,1.20,3.34,1,4.01,,,,,,,,,,,,1,HTC One,MapMyWalk,1,Map incortrecty and could not find gps
246,20190506,1,,Stovall Park,,4.59,9271,1.27,3.62,4,1.15,16.53,36,405,16.08,16.65,16.90,16.58,16.25,,,,0,HTC One,MapMyWalk,0,
247,20190507,1,,Viridian,,6.16,12760,1.73,3.55,1,6.16,16.87,70,642,17.05,17.23,16.80,16.92,16.50,18.20,18.43,,0,HTC One,MapMyWalk,0,
248,20190508,0,Unknown,Missed walk,,,,,,,,,,,,,,,,,,,,,,0,
249,20190509,1,,River Legacy Park  ,,4.06,8546,1.15,3.53,1,4.06,16.97,63,357,15.95,18.07,17.65,16.20,,,,,0,HTC One,MapMyWalk,0,
250,20190510,1,,Vandergriff Park,,5.32,10655,1.60,3.33,2,2.66,16.25,151,470,16.27,16.82,17.32,15.68,15.38,15.17,,,2,HTC One,MapMyWalk,0,
251,20190511,1,,Parks Mall 3,,3.73,9247,1.35,2.76,2,1.87,21.57,91,314,18.52,24.03,21.38,,,,,,0,HTC One,MapMyWalk,0,
252,20190512,1,,Vandergriff Park,,5.31,10843,1.50,3.54,2,2.66,16.85,147,467,17.03,17.35,16.50,16.17,15.87,,,,2,HTC One,MapMyWalk,0,
253,20190513,1,,Perkins Road,,4.22,8795,1.23,3.42,1,4.22,17.52,134,368,17.47,17.73,17.43,17.75,,,,,0,HTC One,MapMyWalk,0,
254,20190514,1,,Crystal Canyon,,1.35,2866,0.42,3.24,3,0.45,18.93,63,115,18.85,19.13,,,,,,,0,HTC One,MapMyWalk,0,
255,20190515,1,,River Legacy Park  ,,4.58,8999,1.28,3.57,1,4.58,16.87,95,403,16.85,17.48,17.25,16.25,15.93,,,,,HTC One,,,
256,20190516,0,Vacation,,,,,,,,,,,,,,,,,,,,,,,,
257,20190517,1,,Lako Street,,3.40,7843,1.20,2.83,1,3.40,21.07,412,285,17.58,20.53,20.23,21.95,,,,,,HTC One,MapMyWalk,0,
258,20190518,0,Vacation,,,,,,,,,,,,,,,,,,,,,,,,
259,20190519,0,Day off,,,,,,,,,,,,,,,,,,,,,,,,
260,20190520,1,,La'Loa Beach Park ,,3.93,8087,1.12,3.52,1,3.93,17.10,42,345,17.42,16.80,17.23,16.95,,,,,0,HTC One,MapMyWalk,0,
261,20190521,0,Vacation,,,,,,,,,,,,,,,,,,,,,,,,
262,20190522,0,Vacation,,,,,,,,,,,,,,,,,,,,,,,,
263,20190523,1,,Old Airport Park,,2.84,5608,0.75,3.79,4,0.71,15.80,22,252,15.88,15.70,15.75,,,,,,4,HTC One,MapMyWalk,0,
264,20190524,1,,Kahalu'u Beach Park,,5.98,12175,1.67,3.59,1,5.98,16.80,65,527,16.73,16.38,16.67,16.92,17.18,16.68,,,0,HTC One,MapMyWalk,0,
265,20190525,0,Vacation,,,,,,,,,,,,,,,,,,,,,HTC One,,,
266,20190526,1,,Lako Street,,3.97,8488,1.22,3.26,1,3.97,18.35,334,341,18.03,18.98,18.78,17.48,,,,,0,HTC One,MapMyWalk,0,
267,20190527,1,,Lako Street,,3.23,7494,1.15,2.81,1,3.23,21.22,557,272,19.67,26.52,18.30,17.82,,,,,0,HTC One,MapMyWalk,1,3
268,20190528,0,Vacation,,,,,,,,,,,,,,,,,,,,,,,,
269,20190529,1,,Lako Street,,4.28,10574,1.68,2.54,1,4.28,23.57,608,366,18.40,22.20,20.40,18.82,,,,,0,HTC One,MapMyWalk,,
270,20190530,0,Vacation,,,,,,,,,,,,,,,,,,,,,,,,
271,20190531,1,,La'Loa Beach Park ,,4.17,8736,1.23,3.38,1,4.17,17.73,45,362,17.03,16.83,19.52,17.20,19.23,,,,0,HTC One,MapMyWalk,0,
272,20190601,1,,La'Loa Beach Park ,,4.11,8450,1.17,3.52,1,4.11,17.07,45,361,16.20,16.52,18.48,16.95,17.70,,,,1,HTC One,MapMyWalk,0,
273,20190602,1,,La'Loa Beach Park ,,4.25,8749,1.22,3.49,1,4.25,17.15,61,373,17.47,16.42,18.15,16.47,17.50,,,,0,HTC One,MapMyWalk,0,
274,20190603,0,Vacation,,,,,,,,,,,,,,,,,,,,,,,,
275,20190604,1,,La'Loa Beach Park ,,4.39,8645,1.30,3.38,1,4.39,17.30,92,200,17.78,18.15,16.12,17.15,,,,,0,HTC One,MapMyWalk,0,
276,20190605,0,Vacation,,,,,,,,,,,,,,,,,,,,,,,,
277,20190606,1,,La'Loa Beach Park ,,5.02,10610,1.50,3.35,1,5.02,18.00,120,434,19.07,16.65,18.38,18.03,17.93,,,,0,HTC One,MapMyWalk,0,
278,20190607,0,Day off,,,,,,,,,,,,,,,,,,,,,,,,
279,20190608,0,Day off,,,,,,,,,,,,,,,,,,,,,,,,
280,20190609,1,,Brown Trail,,4.45,9191,1.28,3.47,1,4.45,17.27,170,389,17.15,17.07,19.18,16.02,16.65,,,,0,HTC One,,,
281,20190610,1,,Corey Triangle,,3.48,6977,0.95,3.66,1,3.48,16.30,121,307,16.13,16.28,16.30,16.35,,,,,0,HTC One,MapMyWalk,0,
282,20190611,1,,Cravens Park,,3.56,7076,0.95,3.75,4,0.89,15.97,42,316,15.68,15.83,16.07,16.28,,,,,1,HTC One,MapMyWalk,0,
283,20190612,1,,Crystal Canyon,,2.52,5688,0.77,3.29,6,0.43,18.38,74,217,18.58,18.40,17.90,,,,,,1,HTC One,MapMyWalk,0,
284,20190613,0,Unknown,Missed walk,,,,,,,,,,,,,,,,,,,,HTC One,MapMyWalk,0,
285,20190614,1,,Fish Creek Linear Park,,4.26,8828,1.18,3.60,1,4.26,16.75,111,375,16.60,16.50,17.03,16.43,17.07,,,,0,HTC One,MapMyWalk,0,
286,20190615,0,Unknown,Missed walk,,,,,,,,,,,,,,,,,,,,,,,
287,20190616,0,Unknown,Missed walk,,,,,,,,,,,,,,,,,,,,,,,
288,20190617,1,,Enchanted Lakes,,4.50,9801,1.45,3.10,1,4.50,16.75,52,397,16.52,16.55,16.68,17.02,16.38,,,,0,HTC One,MapMyWalk,0,
289,20190618,1,,Little Road,,4.48,9360,1.32,3.40,1,4.48,17.62,189,390,17.68,18.17,17.22,17.53,17.10,,,,1,HTC One,MapMyWalk,0,
290,20190619,1,,Parks Mall 3,,3.09,7145,1.08,2.85,2,1.55,21.08,62,260,24.93,16.60,21.63,,,,,,0,HTC One,MapMyWalk,0,
291,20190620,1,,Parks Mall 3,,3.09,7145,1.08,2.85,2,1.55,21.08,62,260,24.93,16.60,21.63,,,,,,0,HTC One,MapMyWalk,1,Recharge failure
292,20190621,1,,Parks Mall 3,,3.58,8172,1.23,2.90,2,1.79,20.62,70,300,21.63,19.25,20.35,21.17,,,,,0,HTC One,MapMyWalk,0,
293,20190622,1,,Parks Mall 3,,3.52,8164,1.25,2.82,2,1.76,21.63,72,296,21.63,19.95,21.85,21.58,,,,,,HTC One,,,
294,20190623,0,Unknown,,,,,,,,,,,,,,,,,,,,,,,,
295,20190624,1,,Parks Mall 3,,3.52,8539,1.35,2.61,2,1.76,22.93,69,299,26.68,21.08,21.39,22.27,,,,,0,HTC One,MapMyWalk,0,
296,20190625,1,,Perkins Road,,3.81,7720,1.23,3.09,1,3.81,16.77,109,335,17.38,16.38,16.40,16.88,,,,,1,HTC One,MapMyWalk,0,
297,20190626,1,,River Legacy Park  ,,2.04,4209,0.58,3.50,1,2.04,17.20,46,179,17.23,17.07,,,,,,,1,HTC One,MapMyWalk,0,
298,20190627,1,,Stovall Park,,4.57,8751,1.18,3.86,4,1.14,15.52,76,406,15.44,15.68,15.53,15.50,15.45,,,,0,HTC One,MapMyWalk,0,
299,20190628,1,,Vandergriff Park,,3.67,7617,1.00,3.67,1,3.67,16.48,45,324,16.28,16.60,16.33,16.80,,,,,0,HTC One,MapMyWalk,0,
300,20190629,1,,Veterans Park,,3.57,7823,1.15,3.10,2,1.79,19.20,108,302,17.48,18.12,22.88,17.50,,,,,0,HTC One,MapMyWalk,0,
301,20190630,1,,Village Creek,,3.35,,1.12,3.00,1,3.35,20.00,,,,,,,,,,,0,HTC One,MapMyWalk,1,Left phone home
302,20190701,1,,Corey Triangle,,3.98,8210,1.12,3.56,1,3.98,16.72,125,351,16.42,17.10,16.72,16.62,,,,,0,HTC One,,,
303,20190702,0,Sick,,,,,,,,,,,,,,,,,,,,,,,,
304,20190703,1,,Parks Mall 3,,3.47,9483,1.37,2.54,2,1.74,23.40,158,296,24.58,22.48,22.83,23.15,,,,,1,HTC One,MapMyWalk,1,Temporary loss of signal
305,20190704,0,Holiday,,,,,,,,,,,,,,,,,,,,,HTC One,,,
306,20190705,1,,Cravens Park,,4.00,8057,1.10,3.64,2,2.00,16.45,59,353,16.42,16.45,16.47,15.82,,,,,0,HTC One,MapMyWalk,0,
307,20190706,1,,Parks Mall 3,,3.47,8345,1.32,2.64,2,1.74,23.03,56,292,24.07,21.57,24.08,23.53,,,,,0,HTC One,MapMyWalk,0,
308,20190707,1,,Parks Mall 3,,3.63,8402,1.28,2.83,2,1.82,21.18,66,305,22.60,19.57,20.17,23.35,,,,,0,HTC One,MapMyWalk,1,Temporary loss of signal
309,20190708,0,Doctor visit,,,,,,,,,,,,,,,,,,,,,,,,
310,20190709,1,,Enchanted Lakes,,4.41,8806,1.18,3.73,1,4.41,16.17,54,390,16.43,15.92,16.10,16.20,15.98,,,,1,HTC One,MapMyWalk,0,
311,20190710,1,,Fish Creek Linear Park,,4.53,9375,1.25,3.62,1,4.53,16.67,113,399,16.33,17.13,17.00,16.58,16.00,,,,0,HTC One,MapMyWalk,0,
312,20190711,1,,Little Road,,4.52,9402,1.27,3.57,1,4.52,16.93,147,397,16.32,16.82,17.27,16.72,17.93,,,,1,HTC One,MapMyWalk,0,
313,20190712,1,,Perkins Road,,3.85,8173,1.13,3.40,1,3.85,17.66,127,332,16.28,17.32,17.37,17.65,,,,,0,HTC One,MapMyWalk,0,
314,20190713,1,,River Legacy Park  ,,4.40,8921,1.22,3.62,1,4.40,16.60,94,388,16.38,16.48,16.42,17.05,16.73,,,,0,HTC One,MapMyWalk,0,
315,20190714,1,,Stovall Park,,3.35,6918,0.93,3.59,3,1.12,16.57,104,296,16.22,16.50,16.45,17.88,,,,,1,HTC One,MapMyWalk,0,
316,20190715,1,,Parks Mall 3,,3.93,8859,1.33,2.95,2,1.97,20.18,72,328,22.12,18.22,22.32,17.72,,,,,1,HTC One,MapMyWalk,0,
317,20190716,1,,Parks Mall 3,,3.59,8393,1.28,2.80,2,1.80,21.50,70,303,20.58,20.73,22.48,22.88,,,,,2,HTC One,MapMyWalk,0,
318,20190717,1,,Parks Mall 3,,3.18,7665,1.20,2.65,2,1.59,22.62,62,270,22.12,22.15,23.45,20.07,,,,,3,HTC One,MapMyWalk,1,Straight lined
319,20190718,1,,Parks Mall 3,,2.64,7177,1.22,2.17,2,1.32,27.47,54,248,27.35,31.18,22.13,,,,,,1,HTC One,MapMyWalk,2,Straight lined
320,20190719,1,,Parks Mall 3,,4.39,9001,1.25,3.51,3,1.46,17.09,135,385,,,,,,,,,1,HTC One,MapMyWalk,6,Straight lined
321,20190720,1,,Parks Mall 3,,4.36,11163,1.82,2.40,3,1.45,25.03,90,384,24.40,26.80,24.42,24.65,22.22,,,,1,HTC One,MapMyWalk,2,Straight lined
322,20190721,1,,Parks Mall 3,,2.80,7452,1.25,2.24,2,1.40,26.65,47,258,22.72,29.78,27.50,,,,,,0,HTC One,MapMyWalk,1,Straight lined
323,20190723,0,Data not recorded,,,,,,,,,,,,,,,,,,,,,,,,
324,20190724,1,,Parks Mall 3,,2.80,7452,1.25,2.24,2,1.40,26.65,47,258,22.72,29.78,27.50,,,,,,0,HTC One,MapMyWalk,1,Lost power and data
325,20190725,1,,Vandergriff Park,,3.50,5827,1.40,2.50,2,1.75,16.48,121,324,16.83,16.60,17.30,33.27,,,,,1,HTC One,MapMyWalk,1,Lost power and data
326,20190726,1,,Village Creek,,3.98,8169,1.13,3.51,1,3.98,17.02,72,350,16.67,17.35,17.50,16.83,,,,,1,HTC One,MapMyWalk,0,
327,20190727,1,,Corey Triangle,,3.41,6916,0.95,3.59,1,3.41,16.45,130,301,16.20,16.43,17.03,17.10,,,,,0,HTC One,MapMyWalk,0,
328,20190728,1,,Stovall Park,,4.57,8751,1.18,3.86,2,2.29,15.52,76,406,15.44,15.68,15.53,15.50,15.45,,,,0,HTC One,MapMyWalk,0,
329,20190729,1,,Parks Mall 3,,2.80,7452,1.25,2.24,2,1.40,26.65,47,258,22.72,29.78,27.50,,,,,,0,HTC One,MapMyWalk,1,Lost power and data
330,20190307,1,,Parks Mall 3,,3.75,,1.28,2.92,2,1.88,16.00,47,,,,,,,,,,1,HTC One,MapMyWalk,1,Lost power and data
331,20190730,1,,Parks Mall 3,,2.55,5875,0.89,2.86,1,2.55,20.97,51,214,23.13,18.77,20.13,,,,,,0,HTC One,MapMyWalk,0,
332,20190731,0,Doctor visit,,,,,,,,,,,,,,,,,,,,,,,,
333,20190801,1,,Parks Mall 2,,2.25,5184,0.83,2.70,3,0.75,22.22,174,189,22.22,22.22,15.48,,,,,,0,HTC One,MapMyWalk,1,Lost power and data
334,20190802,1,,Parks Mall 1,,3.80,8069,1.15,3.30,4,0.95,18.33,149,327,19.38,18.12,19.08,15.78,,,,,1,HTC One,MapMyWalk,0,
335,20190803,1,,Parks Mall 1,,4.34,9448,1.30,3.34,5,0.87,18.03,161,275,18.60,16.87,18.45,19.10,16.08,,,,1,HTC One,MapMyWalk,0,
336,20190804,1,,Parks Mall 2,,3.46,8803,1.27,2.73,4,0.87,22.15,174,293,23.15,22.02,20.50,23.57,,,,,1,HTC One,MapMyWalk,0,
337,20190805,1,,Parks Mall 1,,3.86,7995,1.12,3.46,4,0.97,17.35,170,337,17.85,17.83,16.15,17.83,,,,,2,HTC One,MapMyWalk,1,Map failed after pause
338,20190806,1,,Parks Mall 2,,3.60,9017,1.25,2.88,4,0.90,20.92,137,302,21.08,21.08,21.48,19.77,,,,,0,HTC One,MapMyWalk,0,
339,20190807,1,,Parks Mall 1,,3.73,7897,1.12,3.34,4,0.93,18.08,176,321,19.32,18.08,17.58,16.90,,,,,0,HTC One,MapMyWalk,0,
340,20190808,1,,Parks Mall 2,,3.60,7668,1.12,3.22,4,0.90,18.61,162,298,22.12,21.55,20.99,17.37,,,,,1,HTC One,MapMyWalk,1,Lost power and data
341,20190809,1,,Parks Mall 1,,3.76,8361,1.13,3.32,4,0.94,18.07,148,325,18.07,18.58,17.90,17.88,,,,,0,HTC One,MapMyWalk,0,
342,20190810,1,,Parks Mall 2,,4.13,12436,1.65,2.50,7,0.59,23.93,271,354,20.45,25.02,26.38,22.83,25.37,,,,0,HTC One,MapMyWalk,0,
343,20190811,0,Day off,,,,,,,,,,,,,,,,,,,,,,,,
344,20190812,1,,Parks Mall 1,,3.90,8354,1.16,3.35,4,0.97,17.97,161,317,18.64,17.90,17.83,17.50,,,,,1,HTC One,MapMyWalk,1,Phone died for no reason
345,20190813,1,,Parks Mall 2,,1.50,4517,0.60,2.50,2,0.75,23.97,129,129,23.97,23.97,,,,,,,0,HTC One,MapMyWalk,1,Phone shut doen for no reason
346,20190814,1,,Parks Mall 2,,1.50,4517,0.60,2.50,2,0.75,19.50,129,150,19.50,19.50,,,,,,,0,HTC One,MapMyWalk,1,Operator error
347,20190815,0,Day off,,,,,,,,,,,,,,,,,,,,,,,,
348,20190816,1,,Parks Mall 1,,1.98,4482,0.67,2.97,3,0.66,,,165,19.23,21.53,,,,,,,1,Samsung A50,MapMyWalk,0,
349,20180816,1,,Parks Mall 2,,1.19,3944,0.73,1.62,2,0.60,36.85,14,131,35.12,46.85,,,,,,,0,Samsung A50,MapMyWalk,0,
350,20180817,1,,Parks Mall 1,,3.03,7353,1.15,2.64,5,0.61,22.87,72,258,20.87,23.77,23.33,20.43,,,,,0,Samsung A50,MapMyWalk,0,
351,20190818,1,,Parks Mall 2,,2.23,6979,1.27,1.76,5,0.45,33.95,44,236,33.27,34.02,36.15,,,,,,2,,,0,
352,20190819,0,Babysitting,,,,,,,,,,,,,,,,,,,,,,,,
353,20190820,1,,Parks Mall 1,,3.51,8375,1.30,2.70,6,0.59,22.23,90,298,19.83,21.58,23.88,23.23,,,,1,2,Samsung A50,MapMyWalk,0,
354,20190821,1,,Parks Mall 1,,3.78,8689,1.32,2.87,6,0.63,20.35,,317,19.48,21.22,21.42,21.57,,,,0,0,Samsung A50,MapMyWalk,0,
355,20190822,1,,Parks Mall 1,,3.71,8431,1.27,2.93,6,0.62,20.45,,311,18.43,21.93,18.87,22.92,,,,0,0,Samsung A50,MapMyWalk,0,
356,20190823,1,,Parks Mall 1,,3.70,8795,1.47,2.52,6,0.62,22.17,92,313,20.53,24.42,21.02,22.23,,,,1,0,Samsung A50,MapMyWalk,0,
357,20190824,1,,Parks Mall 1,,3.88,12110,1.63,2.38,6,0.65,25.15,,343,23.27,24.90,26.17,26.78,,,,1,1,Samsung A50,MapMyWalk,0,
358,20190825,1,,Parks Mall 1,,4.25,9663,1.45,2.93,7,0.61,20.55,,355,20.43,22.40,19.47,20.82,19.67,,,0,1,Samsung A50,MapMyWalk,0,
359,20190826,0,Doctor visit,,,,,,,,,,,,,,,,,,,,,,,,
360,20190827,1,,Parks Mall 1,,2.98,6649,0.98,3.03,5,0.60,19.80,71,250,18.72,20.42,19.03,,,,,1,0,Samsung A50,MapMyWalk,1,Straight line
361,20190827,1,,Parks Mall 1,14,1.57,3605,0.55,2.85,2,0.79,21.02,32,132,21.00,20.88,,,,,,0,0,Samsung A50,MapMyWalk,1,Straight line
362,20190828,1,,Parks Mall 1,11,3.56,7860,1.15,3.10,5,0.71,19.43,73,300,20.25,18.23,19.90,18.98,,,,0,4,Samsung A50,MapMyWalk,0,
363,20190829,1,,Parks Mall 1,12,2.66,5763,0.83,3.19,2,1.33,18.87,41,226,16.08,18.93,22.92,,,,,1,0,Samsung A50,MapMyWalk,1,Map files to work after break
364,20190829,1,,Parks Mall 1,13,1.32,3013,0.38,3.44,1,1.32,17.42,,115,18.78,14.53,,,,,,0,0,Samsung A50,MapMyWalk,0,
365,20190830,1,,Parks Mall 1,14,3.86,9817,1.35,2.86,3,1.29,21.07,,324,19.10,20.98,23.08,20.97,,,,1,0,Samsung A50,MapMyWalk,1,Failed to save activity
366,20190831,1,,Parks Mall 1,11,3.86,9817,1.35,2.86,3,1.29,21.07,,324,19.10,20.98,23.08,20.97,,,,1,0,Samsung A50,MapMyWalk,0,
367,20190901,1,,Parks Mall 1,14,4.02,9023,1.35,2.98,3,1.34,20.10,68,334,19.97,20.27,20.78,19.53,,,,0,1,Samsung A50,MapMyWalk,0,
368,20190902,1,,Parks Mall 1,12,4.30,9375,1.37,3.15,3,1.43,19.05,,364,19.13,19.32,18.58,18.80,20.57,,,0,2,Samsung A50,MapMyWalk,0,
369,20190903,0,Doctor visit,,,,,,,,,,,,,,,,,,,,,,,,
370,20190904,1,,Parks Mall 1,12,4.43,9583,1.38,3.20,3,1.48,18.77,74,378,17.18,20.20,18.43,17.42,22.88,,,1,0,Samsung A50,MapMyWalk,1,Dropped signal
371,20190905,1,,Parks Mall 1,14,4.41,9640,1.40,3.15,3,1.47,19.10,,374,18.23,20.78,18.45,19.07,18.95,,,1,1,Samsung A50,MapMyWalk,0,
372,20190906,0,Babysitting,,,,,,,,,,,,,,,,,,,,,,,,
373,20190907,1,,Parks Mall 1,13,4.42,9621,1.39,3.17,3,1.47,18.99,74,375,17.88,20.59,18.44,18.52,20.26,,,1,0,Samsung A50,MapMyWalk,0,
374,20190908,0,Day off,,,,,,,,,,,,,,,,,,,,,,,,
375,20190909,1,,Parks Mall 1,9,4.51,10083,1.50,3.01,3,1.50,19.93,73,376,18.00,21.55,20.67,18.23,22.48,,,1,1,Samsung A50,MapMyWalk,0,
376,20190910,1,,Parks Mall 1,11,4.66,10114,1.47,3.18,3,1.55,18.92,77,396,17.87,20.17,18.70,17.63,20.53,,,0,1,Samsung A50,MapMyWalk,0,
377,20190911,1,,Parks Mall 1,10,4.77,10242,1.47,3.25,3,1.59,18.55,,408,17.77,21.10,17.53,18.45,17.63,,,0,0,Samsung A50,MapMyWalk,0,
378,20190912,1,,Parks Mall 1,10,4.23,8966,1.28,3.30,3,1.41,18.12,69,365,16.98,18.97,18.85,17.72,17.77,,,0,0,Samsung A50,MapMyWalk,0,
379,20190913,1,,Parks Mall 1,10,4.16,9217,1.37,3.04,3,1.39,19.55,,350,17.32,24.17,18.02,18.02,14.73,,,1,0,Samsung A50,MapMyWalk,0,
380,20190914,1,,Parks Mall 1,13,4.29,9271,1.33,3.22,3,1.43,18.77,65,365,18.37,17.93,19.35,18.62,19.73,,,0,0,Samsung A50,MapMyWalk,0,
381,20190915,0,Day off,,,,,,,,,,,,,,,,,,,,,,,,
382,20190916,1,,Parks Mall 1,11,1.33,2892,0.47,2.85,1,1.33,21.05,,99,21.05,21.05,,,,,,0,1,Samsung A50,MapMyWalk,1,Changed walk type
383,20190917,1,,Parks Mall 1,10,4.04,8925,1.32,3.07,3,1.35,19.47,66,340,19.97,19.85,20.98,17.22,,,,1,2,Samsung A50,MapMyWalk,0,
384,20190918,1,,Parks Mall 1,10,4.23,8983,1.28,3.30,3,1.41,18.17,,364,16.48,19.17,19.37,17.70,17.75,,,1,0,Samsung A50,MapMyWalk,0,
385,20190919,1,,Parks Mall 1,11,4.20,9181,1.33,3.15,3,1.40,19.15,71,356,21.43,19.95,16.80,19.50,13.82,,,,,,,,
386,20190920,0,Sick,,,,,,,,,,,,,,,,,,,,,,,,
387,20190921,0,Day off,,,,,,,,,,,,,,,,,,,,,,,,
388,20190922,0,Day off,,,,,,,,,,,,,,,,,,,,,,,,
389,20190923,1,,Parks Mall 1,14,2.72,6079,0.90,3.02,2,1.36,19.95,48,227,17.68,21.40,21.03,,,,,0,0,Samsung A50,MapMyWalk,0,
390,20190924,1,,Parks Mall 1,11,2.79,5979,0.90,3.10,2,1.40,18.42,50,240,16.75,19.95,18.67,,,,,0,0,Samsung A50,MapMyWalk,0,
391,20190925,1,,Parks Mall - Mostly inside,11,2.72,6079,0.92,2.97,5,0.59,19.95,48,227,17.73,21.40,21.03,,,,,0,0,Samsung A50,MapMyWalk,0,
392,20190926,1,,Parks Mall - Mostly inside,14,2.66,6068,0.92,2.90,5,0.53,20.70,61,222,20.45,20.70,21.65,,,,,0,0,Samsung A50,MapMyWalk,0,
393,20190927,1,,Parks Mall - Mostly inside,12,3.39,7881,1.20,2.83,5,0.57,21.35,82,285,18.82,24.57,20.68,22.12,,,,0,0,Samsung A50,MapMyWalk,1,Straight lined
394,20190928,1,,Parks Mall - Mostly inside,15,3.35,7808,1.20,2.79,5,0.56,21.43,102,282,19.12,21.55,23.72,24.17,,,,,,,,,
395,20190929,0,Day off,Parks Mall - Mostly inside,,,,,,,,,,,,,,,,,,0,,,,,
396,20190930,1,,Parks Mall - Mostly inside,10,3.06,6798,1.00,3.06,4,0.77,19.68,66,256,18.03,20.75,21.25,15.13,,,,0,5,Samsung A50,MapMyWalk,0,
397,20191001,1,,Parks Mall - Mostly inside,14,2.83,7121,1.15,2.46,4,0.62,24.28,69,245,21.37,26.83,24.90,,,,,0,1,Samsung A50,MapMyWalk,0,
398,20191002,1,,Parks Mall - Mostly inside,15,3.23,7428,1.13,2.85,5,0.57,20.95,,271,19.77,20.82,21.35,25.88,,,,0,0,Samsung A50,MapMyWalk,0,
399,20191003,1,,Parks Mall - Mostly inside,11,3.17,8992,1.13,2.80,5,0.56,21.48,,267,21.00,22.62,20.35,20.58,,,,0,4,Samsung A50,MapMyWalk,0,
400,20191004,1,,Parks Mall - Mostly inside,11,3.20,7345,1.12,2.87,5,0.57,20.83,77,268,19.62,20.85,20.95,25.98,,,,0,1,Samsung A50,MapMyWalk,0,
401,20191005,1,,Parks Mall - Mostly inside,13,3.52,8093,1.23,2.85,5,0.57,20.95,77,295,16.27,21.32,20.75,23.98,,,,1,0,Samsung A50,MapMyWalk,1,Straight lined
402,20191006,0,Day off,,,,,,,,,,,,,,,,,,,,,,,,
403,20191007,1,,Cravens Park,10,2.60,5187,0.70,3.71,1,3.71,16.10,34,230,15.37,16.38,16.75,,,,,0,1,Samsung A50,MapMyWalk,0,
404,20191008,1,,Cravens Park,11,3.98,8028,1.05,3.79,2,1.90,15.88,,353,15.43,16.23,16.22,15.60,,,,0,1,Samsung A50,MapMyWalk,0,
405,20191009,1,,Village Creek,11,5.36,10570,1.40,3.83,1,5.36,15.75,,476,15.22,15.48,15.57,16.50,15.88,16.07,,3,0,Samsung A50,MapMyWalk,0,
406,20191010,1,,Parks Mall - Mostly inside,11,3.22,7034,1.03,3.12,4,0.81,19.10,66,273,19.08,18.23,18.75,22.42,,,,0,0,Samsung A50,MapMyWalk,0,
407,20191011,1,,Parks Mall - Mostly inside,12,3.54,7703,1.12,3.17,4,0.89,18.97,,301,18.65,18.05,19.22,20.37,,,,0,0,Samsung A50,MapMyWalk,0,
408,20191012,1,,Viridian Lake Circle,13,5.23,10295,1.47,3.57,1,5.23,15.70,115,464,15.77,15.70,15.22,16.20,16.53,,,1,0,Samsung A50,MapMyWalk,0,
409,20191013,1,,Enchanted Lakes,12,4.40,8855,1.20,3.67,1,4.40,16.40,52,389,15.62,16.60,16.43,16.62,16.88,,,0,0,Samsung A50,MapMyWalk,0,
410,20191014,1,,Fish Creek Linear Park,10,4.61,8983,1.18,3.90,1,4.61,15.38,47,411,15.48,15.38,15.50,15.05,,,,2,2,Samsung A50,MapMyWalk,0,
411,20191015,1,,Parks Mall - Mostly inside,13,3.38,7735,1.17,2.90,4,0.85,20.77,64,283,18.98,20.33,22.38,22.72,,,,0,0,Samsung A50,MapMyWalk,0,
412,20191016,1,,Corey Triangle,15,2.96,5927,0.67,4.44,1,2.96,16.28,102,261,16.42,16.27,16.05,,,,,0,0,Samsung A50,MapMyWalk,0,
413,20191017,1,,Veterans Park,16,3.93,8050,1.10,3.57,2,1.97,16.97,107,345,16.52,17.47,17.37,16.40,,,,1,2,Samsung A50,MapMyWalk,0,
414,20191018,1,,Vandergriff Park,11,4.49,9038,1.23,3.64,2,2.25,16.38,101,397,16.70,17.12,16.50,16.47,15.78,,,0,0,Samsung A50,MapMyWalk,0,
415,20191019,1,,Little Road,18,4.53,9272,1.28,3.53,1,4.53,16.97,194,398,16.58,17.85,17.08,16.70,16.12,,,0,4,Samsung A50,MapMyWalk,0,
416,20191020,1,,Perkins Road,17,3.72,7658,1.07,3.49,1,3.72,17.15,124,326,16.32,17.60,17.33,17.28,,,,0,1,Samsung A50,MapMyWalk,0,
417,20191021,1,,Stovall Park,10,4.48,9134,1.25,3.58,4,1.12,16.83,63,394,16.25,17.10,17.05,16.97,16.58,,,0,3,Samsung A50,MapMyWalk,0,
418,20191022,1,,Corey Triangle,11,3.65,7400,1.02,3.59,1,3.65,16.63,107,322,16.08,17.22,16.78,16.33,,,,0,2,Samsung A50,MapMyWalk,0,
419,20191023,1,,River Legacy Park  West,11,4.52,8936,1.20,3.77,1,4.52,15.82,100,401,15.42,16.40,16.33,15.58,,,,2,0,Samsung A50,MapMyWalk,0,
420,20191024,1,,Cravens Park,10,5.25,10319,1.47,3.58,2,2.63,15.68,68,466,15.38,15.77,16.22,16.22,15.02,15.78,,3,1,Samsung A50,MapMyWalk,0,
421,20191025,1,,Parks Mall - Mostly inside,11,4.01,8392,1.18,3.39,4,1.00,17.65,62,349,16.38,16.03,18.48,17.55,,,,0,0,Samsung A50,MapMyWalk,0,
422,20191026,1,,Enchanted Lakes,15,4.49,8900,1.18,3.79,1,4.49,15.88,57,398,15.60,15.67,16.03,16.03,16.15,,,1,1,Samsung A50,MapMyWalk,0,
423,20191027,1,,Fish Creek Linear Park,15,5.54,11098,1.50,3.69,1,5.54,16.27,53,490,15.88,15.98,16.55,16.13,16.48,18.68,,5,0,Samsung A50,MapMyWalk,0,
424,20191028,1,,Parks Mall - Mostly inside,13,3.56,8353,1.28,2.77,4,0.89,21.63,63,300,20.87,22.38,20.85,23.00,,,,0,0,Samsung A50,MapMyWalk,0,
425,20191029,1,,Parks Mall - Mostly inside,12,4.75,10027,1.42,3.35,5,0.95,17.95,83,411,17.98,15.35,20.40,18.53,16.90,,,0,,Samsung A50,MapMyWalk,0,
426,20191030,1,,Parks Mall - Main cordor,13,3.95,10587,1.78,2.21,15,0.26,27.05,33,366,22.18,22.32,29.85,33.57,,,,0,1,Samsung A50,MapMyWalk,0,
427,20191031,0,Day off,,,,,,,,,,,,,,,,,,,,,,,,
428,20191101,1,,Little Road,13,4.57,9085,1.22,3.76,1,4.57,16.03,194,404,15.42,16.33,16.28,15.98,16.00,,,0,1,Samsung A50,MapMyWalk,0,
429,20191102,1,,Perkins Road,12,3.71,7468,1.02,3.65,1,3.71,16.47,126,327,16.05,16.38,16.58,16.52,,,,1,0,Samsung A50,MapMyWalk,0,
430,20191103,0,Sick,,,,,,,,,,,,,,,,,,,,,,,,
431,20191104,1,,River Legacy Park  West,11,4.39,8662,1.15,3.82,1,4.39,15.77,95,390,15.62,15.97,15.82,15.38,15.10,,,2,2,Samsung A50,MapMyWalk,0,
432,20191105,1,,Parks Mall - Mostly inside,11,4.29,9223,1.33,3.22,1,4.29,18.58,78,367,18.23,19.57,18.27,17.48,18.85,,,0,1,Samsung A50,MapMyWalk,0,
433,20191106,1,,Stovall Park,11,3.32,6393,0.83,3.98,3,1.11,15.05,53,295,14.88,15.37,14.85,15.12,,,,2,0,Samsung A50,MapMyWalk,0,
434,20191107,1,,Parks Mall - Mostly inside,13,4.17,9231,1.37,3.05,4,1.04,19.57,76,350,18.70,20.15,20.38,17.82,26.38,,,0,0,Samsung A50,MapMyWalk,0,
435,20191108,1,,Parks Mall - Mostly inside,12,3.39,7300,1.05,3.23,3,1.13,18.65,62,289,18.67,18.20,19.38,17.85,,,,1,0,Samsung A50,MapMyWalk,0,
436,20191109,1,,Vandergriff Park,13,4.46,8931,1.20,3.72,2,2.23,16.23,107,395,14.82,15.68,15.30,19.22,15.72,,,2,1,Samsung A50,MapMyWalk,0,
437,20191110,0,Melody Grace day,,,,,,,,,,,,,,,,,,,,,,,,
438,20191111,0,Winter weather,,,,,,,,,,,,,,,,,,,,,,,,
439,20191112,1,,Parks Mall - Mostly inside,12,4.36,9825,1.47,2.97,4,1.09,20.20,84,364,22.22,20.18,19.73,16.75,25.20,,,0,1,Samsung A50,MapMyWalk,0,
440,20191113,1,,Parks Mall - Mostly inside,14,4.84,10397,1.50,3.23,4,1.21,18.52,90,415,17.25,17.48,19.95,20.12,17.98,,,1,0,Samsung A50,MapMyWalk,0,
441,20191114,1,,Veterans Park,15,3.90,,1.05,3.71,2,1.95,16.15,120,300,15.10,16.67,15.79,17.14,,,,3,0,Samsung A50,MapMyWalk,0,
